PassengerId,Pclass,Sex,Age,SibSp,Parch,Fare
1,3,1,22.0,1,0,7.25
2,1,0,38.0,1,0,71.2833
3,3,0,26.0,0,0,7.925
4,1,0,35.0,1,0,53.1
5,3,1,35.0,0,0,8.05
6,3,1,28.0,0,0,8.4583
7,1,1,54.0,0,0,51.8625
8,3,1,2.0,3,1,21.075
9,3,0,27.0,0,2,11.1333
10,2,0,14.0,1,0,30.0708
11,3,0,4.0,1,1,16.7
12,1,0,58.0,0,0,26.55
13,3,1,20.0,0,0,8.05
14,3,1,39.0,1,5,31.275
15,3,0,14.0,0,0,7.8542
16,2,0,55.0,0,0,16.0
17,3,1,2.0,4,1,29.125
18,2,1,28.0,0,0,13.0
19,3,0,31.0,1,0,18.0
20,3,0,28.0,0,0,7.225
21,2,1,35.0,0,0,26.0
22,2,1,34.0,0,0,13.0
23,3,0,15.0,0,0,8.0292
24,1,1,28.0,0,0,35.5
25,3,0,8.0,3,1,21.075
26,3,0,38.0,1,5,31.3875
27,3,1,28.0,0,0,7.225
28,1,1,19.0,3,2,263.0
29,3,0,28.0,0,0,7.8792
30,3,1,28.0,0,0,7.8958
31,1,1,40.0,0,0,27.7208
32,1,0,28.0,1,0,146.5208
33,3,0,28.0,0,0,7.75
34,2,1,66.0,0,0,10.5
35,1,1,28.0,1,0,82.1708
36,1,1,42.0,1,0,52.0
37,3,1,28.0,0,0,7.2292
38,3,1,21.0,0,0,8.05
39,3,0,18.0,2,0,18.0
40,3,0,14.0,1,0,11.2417
41,3,0,40.0,1,0,9.475
42,2,0,27.0,1,0,21.0
43,3,1,28.0,0,0,7.8958
44,2,0,3.0,1,2,41.5792
45,3,0,19.0,0,0,7.8792
46,3,1,28.0,0,0,8.05
47,3,1,28.0,1,0,15.5
48,3,0,28.0,0,0,7.75
49,3,1,28.0,2,0,21.6792
50,3,0,18.0,1,0,17.8
51,3,1,7.0,4,1,39.6875
52,3,1,21.0,0,0,7.8
53,1,0,49.0,1,0,76.7292
54,2,0,29.0,1,0,26.0
55,1,1,65.0,0,1,61.9792
56,1,1,28.0,0,0,35.5
57,2,0,21.0,0,0,10.5
58,3,1,28.5,0,0,7.2292
59,2,0,5.0,1,2,27.75
60,3,1,11.0,5,2,46.9
61,3,1,22.0,0,0,7.2292
62,1,0,38.0,0,0,80.0
63,1,1,45.0,1,0,83.475
64,3,1,4.0,3,2,27.9
65,1,1,28.0,0,0,27.7208
66,3,1,28.0,1,1,15.2458
67,2,0,29.0,0,0,10.5
68,3,1,19.0,0,0,8.1583
69,3,0,17.0,4,2,7.925
70,3,1,26.0,2,0,8.6625
71,2,1,32.0,0,0,10.5
72,3,0,16.0,5,2,46.9
73,2,1,21.0,0,0,73.5
74,3,1,26.0,1,0,14.4542
75,3,1,32.0,0,0,56.4958
76,3,1,25.0,0,0,7.65
77,3,1,28.0,0,0,7.8958
78,3,1,28.0,0,0,8.05
79,2,1,0.83,0,2,29.0
80,3,0,30.0,0,0,12.475
81,3,1,22.0,0,0,9.0
82,3,1,29.0,0,0,9.5
83,3,0,28.0,0,0,7.7875
84,1,1,28.0,0,0,47.1
85,2,0,17.0,0,0,10.5
86,3,0,33.0,3,0,15.85
87,3,1,16.0,1,3,34.375
88,3,1,28.0,0,0,8.05
89,1,0,23.0,3,2,263.0
90,3,1,24.0,0,0,8.05
91,3,1,29.0,0,0,8.05
92,3,1,20.0,0,0,7.8542
93,1,1,46.0,1,0,61.175
94,3,1,26.0,1,2,20.575
95,3,1,59.0,0,0,7.25
96,3,1,28.0,0,0,8.05
97,1,1,71.0,0,0,34.6542
98,1,1,23.0,0,1,63.3583
99,2,0,34.0,0,1,23.0
100,2,1,34.0,1,0,26.0
101,3,0,28.0,0,0,7.8958
102,3,1,28.0,0,0,7.8958
103,1,1,21.0,0,1,77.2875
104,3,1,33.0,0,0,8.6542
105,3,1,37.0,2,0,7.925
106,3,1,28.0,0,0,7.8958
107,3,0,21.0,0,0,7.65
108,3,1,28.0,0,0,7.775
109,3,1,38.0,0,0,7.8958
110,3,0,28.0,1,0,24.15
111,1,1,47.0,0,0,52.0
112,3,0,14.5,1,0,14.4542
113,3,1,22.0,0,0,8.05
114,3,0,20.0,1,0,9.825
115,3,0,17.0,0,0,14.4583
116,3,1,21.0,0,0,7.925
117,3,1,70.5,0,0,7.75
118,2,1,29.0,1,0,21.0
119,1,1,24.0,0,1,247.5208
120,3,0,2.0,4,2,31.275
121,2,1,21.0,2,0,73.5
122,3,1,28.0,0,0,8.05
123,2,1,32.5,1,0,30.0708
124,2,0,32.5,0,0,13.0
125,1,1,54.0,0,1,77.2875
126,3,1,12.0,1,0,11.2417
127,3,1,28.0,0,0,7.75
128,3,1,24.0,0,0,7.1417
129,3,0,28.0,1,1,22.3583
130,3,1,45.0,0,0,6.975
131,3,1,33.0,0,0,7.8958
132,3,1,20.0,0,0,7.05
133,3,0,47.0,1,0,14.5
134,2,0,29.0,1,0,26.0
135,2,1,25.0,0,0,13.0
136,2,1,23.0,0,0,15.0458
137,1,0,19.0,0,2,26.2833
138,1,1,37.0,1,0,53.1
139,3,1,16.0,0,0,9.2167
140,1,1,24.0,0,0,79.2
141,3,0,28.0,0,2,15.2458
142,3,0,22.0,0,0,7.75
143,3,0,24.0,1,0,15.85
144,3,1,19.0,0,0,6.75
145,2,1,18.0,0,0,11.5
146,2,1,19.0,1,1,36.75
147,3,1,27.0,0,0,7.7958
148,3,0,9.0,2,2,34.375
149,2,1,36.5,0,2,26.0
150,2,1,42.0,0,0,13.0
151,2,1,51.0,0,0,12.525
152,1,0,22.0,1,0,66.6
153,3,1,55.5,0,0,8.05
154,3,1,40.5,0,2,14.5
155,3,1,28.0,0,0,7.3125
156,1,1,51.0,0,1,61.3792
157,3,0,16.0,0,0,7.7333
158,3,1,30.0,0,0,8.05
159,3,1,28.0,0,0,8.6625
160,3,1,28.0,8,2,69.55
161,3,1,44.0,0,1,16.1
162,2,0,40.0,0,0,15.75
163,3,1,26.0,0,0,7.775
164,3,1,17.0,0,0,8.6625
165,3,1,1.0,4,1,39.6875
166,3,1,9.0,0,2,20.525
167,1,0,28.0,0,1,55.0
168,3,0,45.0,1,4,27.9
169,1,1,28.0,0,0,25.925
170,3,1,28.0,0,0,56.4958
171,1,1,61.0,0,0,33.5
172,3,1,4.0,4,1,29.125
173,3,0,1.0,1,1,11.1333
174,3,1,21.0,0,0,7.925
175,1,1,56.0,0,0,30.6958
176,3,1,18.0,1,1,7.8542
177,3,1,28.0,3,1,25.4667
178,1,0,50.0,0,0,28.7125
179,2,1,30.0,0,0,13.0
180,3,1,36.0,0,0,0.0
181,3,0,28.0,8,2,69.55
182,2,1,28.0,0,0,15.05
183,3,1,9.0,4,2,31.3875
184,2,1,1.0,2,1,39.0
185,3,0,4.0,0,2,22.025
186,1,1,28.0,0,0,50.0
187,3,0,28.0,1,0,15.5
188,1,1,45.0,0,0,26.55
189,3,1,40.0,1,1,15.5
190,3,1,36.0,0,0,7.8958
191,2,0,32.0,0,0,13.0
192,2,1,19.0,0,0,13.0
193,3,0,19.0,1,0,7.8542
194,2,1,3.0,1,1,26.0
195,1,0,44.0,0,0,27.7208
196,1,0,58.0,0,0,146.5208
197,3,1,28.0,0,0,7.75
198,3,1,42.0,0,1,8.4042
199,3,0,28.0,0,0,7.75
200,2,0,24.0,0,0,13.0
201,3,1,28.0,0,0,9.5
202,3,1,28.0,8,2,69.55
203,3,1,34.0,0,0,6.4958
204,3,1,45.5,0,0,7.225
205,3,1,18.0,0,0,8.05
206,3,0,2.0,0,1,10.4625
207,3,1,32.0,1,0,15.85
208,3,1,26.0,0,0,18.7875
209,3,0,16.0,0,0,7.75
210,1,1,40.0,0,0,31.0
211,3,1,24.0,0,0,7.05
212,2,0,35.0,0,0,21.0
213,3,1,22.0,0,0,7.25
214,2,1,30.0,0,0,13.0
215,3,1,28.0,1,0,7.75
216,1,0,31.0,1,0,113.275
217,3,0,27.0,0,0,7.925
218,2,1,42.0,1,0,27.0
219,1,0,32.0,0,0,76.2917
220,2,1,30.0,0,0,10.5
221,3,1,16.0,0,0,8.05
222,2,1,27.0,0,0,13.0
223,3,1,51.0,0,0,8.05
224,3,1,28.0,0,0,7.8958
225,1,1,38.0,1,0,90.0
226,3,1,22.0,0,0,9.35
227,2,1,19.0,0,0,10.5
228,3,1,20.5,0,0,7.25
229,2,1,18.0,0,0,13.0
230,3,0,28.0,3,1,25.4667
231,1,0,35.0,1,0,83.475
232,3,1,29.0,0,0,7.775
233,2,1,59.0,0,0,13.5
234,3,0,5.0,4,2,31.3875
235,2,1,24.0,0,0,10.5
236,3,0,28.0,0,0,7.55
237,2,1,44.0,1,0,26.0
238,2,0,8.0,0,2,26.25
239,2,1,19.0,0,0,10.5
240,2,1,33.0,0,0,12.275
241,3,0,28.0,1,0,14.4542
242,3,0,28.0,1,0,15.5
243,2,1,29.0,0,0,10.5
244,3,1,22.0,0,0,7.125
245,3,1,30.0,0,0,7.225
246,1,1,44.0,2,0,90.0
247,3,0,25.0,0,0,7.775
248,2,0,24.0,0,2,14.5
249,1,1,37.0,1,1,52.5542
250,2,1,54.0,1,0,26.0
251,3,1,28.0,0,0,7.25
252,3,0,29.0,1,1,10.4625
253,1,1,62.0,0,0,26.55
254,3,1,30.0,1,0,16.1
255,3,0,41.0,0,2,20.2125
256,3,0,29.0,0,2,15.2458
257,1,0,28.0,0,0,79.2
258,1,0,30.0,0,0,86.5
259,1,0,35.0,0,0,512.3292
260,2,0,50.0,0,1,26.0
261,3,1,28.0,0,0,7.75
262,3,1,3.0,4,2,31.3875
263,1,1,52.0,1,1,79.65
264,1,1,40.0,0,0,0.0
265,3,0,28.0,0,0,7.75
266,2,1,36.0,0,0,10.5
267,3,1,16.0,4,1,39.6875
268,3,1,25.0,1,0,7.775
269,1,0,58.0,0,1,153.4625
270,1,0,35.0,0,0,135.6333
271,1,1,28.0,0,0,31.0
272,3,1,25.0,0,0,0.0
273,2,0,41.0,0,1,19.5
274,1,1,37.0,0,1,29.7
275,3,0,28.0,0,0,7.75
276,1,0,63.0,1,0,77.9583
277,3,0,45.0,0,0,7.75
278,2,1,28.0,0,0,0.0
279,3,1,7.0,4,1,29.125
280,3,0,35.0,1,1,20.25
281,3,1,65.0,0,0,7.75
282,3,1,28.0,0,0,7.8542
283,3,1,16.0,0,0,9.5
284,3,1,19.0,0,0,8.05
285,1,1,28.0,0,0,26.0
286,3,1,33.0,0,0,8.6625
287,3,1,30.0,0,0,9.5
288,3,1,22.0,0,0,7.8958
289,2,1,42.0,0,0,13.0
290,3,0,22.0,0,0,7.75
291,1,0,26.0,0,0,78.85
292,1,0,19.0,1,0,91.0792
293,2,1,36.0,0,0,12.875
294,3,0,24.0,0,0,8.85
295,3,1,24.0,0,0,7.8958
296,1,1,28.0,0,0,27.7208
297,3,1,23.5,0,0,7.2292
298,1,0,2.0,1,2,151.55
299,1,1,28.0,0,0,30.5
300,1,0,50.0,0,1,247.5208
301,3,0,28.0,0,0,7.75
302,3,1,28.0,2,0,23.25
303,3,1,19.0,0,0,0.0
304,2,0,28.0,0,0,12.35
305,3,1,28.0,0,0,8.05
306,1,1,0.92,1,2,151.55
307,1,0,28.0,0,0,110.8833
308,1,0,17.0,1,0,108.9
309,2,1,30.0,1,0,24.0
310,1,0,30.0,0,0,56.9292
311,1,0,24.0,0,0,83.1583
312,1,0,18.0,2,2,262.375
313,2,0,26.0,1,1,26.0
314,3,1,28.0,0,0,7.8958
315,2,1,43.0,1,1,26.25
316,3,0,26.0,0,0,7.8542
317,2,0,24.0,1,0,26.0
318,2,1,54.0,0,0,14.0
319,1,0,31.0,0,2,164.8667
320,1,0,40.0,1,1,134.5
321,3,1,22.0,0,0,7.25
322,3,1,27.0,0,0,7.8958
323,2,0,30.0,0,0,12.35
324,2,0,22.0,1,1,29.0
325,3,1,28.0,8,2,69.55
326,1,0,36.0,0,0,135.6333
327,3,1,61.0,0,0,6.2375
328,2,0,36.0,0,0,13.0
329,3,0,31.0,1,1,20.525
330,1,0,16.0,0,1,57.9792
331,3,0,28.0,2,0,23.25
332,1,1,45.5,0,0,28.5
333,1,1,38.0,0,1,153.4625
334,3,1,16.0,2,0,18.0
335,1,0,28.0,1,0,133.65
336,3,1,28.0,0,0,7.8958
337,1,1,29.0,1,0,66.6
338,1,0,41.0,0,0,134.5
339,3,1,45.0,0,0,8.05
340,1,1,45.0,0,0,35.5
341,2,1,2.0,1,1,26.0
342,1,0,24.0,3,2,263.0
343,2,1,28.0,0,0,13.0
344,2,1,25.0,0,0,13.0
345,2,1,36.0,0,0,13.0
346,2,0,24.0,0,0,13.0
347,2,0,40.0,0,0,13.0
348,3,0,28.0,1,0,16.1
349,3,1,3.0,1,1,15.9
350,3,1,42.0,0,0,8.6625
351,3,1,23.0,0,0,9.225
352,1,1,28.0,0,0,35.0
353,3,1,15.0,1,1,7.2292
354,3,1,25.0,1,0,17.8
355,3,1,28.0,0,0,7.225
356,3,1,28.0,0,0,9.5
357,1,0,22.0,0,1,55.0
358,2,0,38.0,0,0,13.0
359,3,0,28.0,0,0,7.8792
360,3,0,28.0,0,0,7.8792
361,3,1,40.0,1,4,27.9
362,2,1,29.0,1,0,27.7208
363,3,0,45.0,0,1,14.4542
364,3,1,35.0,0,0,7.05
365,3,1,28.0,1,0,15.5
366,3,1,30.0,0,0,7.25
367,1,0,60.0,1,0,75.25
368,3,0,28.0,0,0,7.2292
369,3,0,28.0,0,0,7.75
370,1,0,24.0,0,0,69.3
371,1,1,25.0,1,0,55.4417
372,3,1,18.0,1,0,6.4958
373,3,1,19.0,0,0,8.05
374,1,1,22.0,0,0,135.6333
375,3,0,3.0,3,1,21.075
376,1,0,28.0,1,0,82.1708
377,3,0,22.0,0,0,7.25
378,1,1,27.0,0,2,211.5
379,3,1,20.0,0,0,4.0125
380,3,1,19.0,0,0,7.775
381,1,0,42.0,0,0,227.525
382,3,0,1.0,0,2,15.7417
383,3,1,32.0,0,0,7.925
384,1,0,35.0,1,0,52.0
385,3,1,28.0,0,0,7.8958
386,2,1,18.0,0,0,73.5
387,3,1,1.0,5,2,46.9
388,2,0,36.0,0,0,13.0
389,3,1,28.0,0,0,7.7292
390,2,0,17.0,0,0,12.0
391,1,1,36.0,1,2,120.0
392,3,1,21.0,0,0,7.7958
393,3,1,28.0,2,0,7.925
394,1,0,23.0,1,0,113.275
395,3,0,24.0,0,2,16.7
396,3,1,22.0,0,0,7.7958
397,3,0,31.0,0,0,7.8542
398,2,1,46.0,0,0,26.0
399,2,1,23.0,0,0,10.5
400,2,0,28.0,0,0,12.65
401,3,1,39.0,0,0,7.925
402,3,1,26.0,0,0,8.05
403,3,0,21.0,1,0,9.825
404,3,1,28.0,1,0,15.85
405,3,0,20.0,0,0,8.6625
406,2,1,34.0,1,0,21.0
407,3,1,51.0,0,0,7.75
408,2,1,3.0,1,1,18.75
409,3,1,21.0,0,0,7.775
410,3,0,28.0,3,1,25.4667
411,3,1,28.0,0,0,7.8958
412,3,1,28.0,0,0,6.8583
413,1,0,33.0,1,0,90.0
414,2,1,28.0,0,0,0.0
415,3,1,44.0,0,0,7.925
416,3,0,28.0,0,0,8.05
417,2,0,34.0,1,1,32.5
418,2,0,18.0,0,2,13.0
419,2,1,30.0,0,0,13.0
420,3,0,10.0,0,2,24.15
421,3,1,28.0,0,0,7.8958
422,3,1,21.0,0,0,7.7333
423,3,1,29.0,0,0,7.875
424,3,0,28.0,1,1,14.4
425,3,1,18.0,1,1,20.2125
426,3,1,28.0,0,0,7.25
427,2,0,28.0,1,0,26.0
428,2,0,19.0,0,0,26.0
429,3,1,28.0,0,0,7.75
430,3,1,32.0,0,0,8.05
431,1,1,28.0,0,0,26.55
432,3,0,28.0,1,0,16.1
433,2,0,42.0,1,0,26.0
434,3,1,17.0,0,0,7.125
435,1,1,50.0,1,0,55.9
436,1,0,14.0,1,2,120.0
437,3,0,21.0,2,2,34.375
438,2,0,24.0,2,3,18.75
439,1,1,64.0,1,4,263.0
440,2,1,31.0,0,0,10.5
441,2,0,45.0,1,1,26.25
442,3,1,20.0,0,0,9.5
443,3,1,25.0,1,0,7.775
444,2,0,28.0,0,0,13.0
445,3,1,28.0,0,0,8.1125
446,1,1,4.0,0,2,81.8583
447,2,0,13.0,0,1,19.5
448,1,1,34.0,0,0,26.55
449,3,0,5.0,2,1,19.2583
450,1,1,52.0,0,0,30.5
451,2,1,36.0,1,2,27.75
452,3,1,28.0,1,0,19.9667
453,1,1,30.0,0,0,27.75
454,1,1,49.0,1,0,89.1042
455,3,1,28.0,0,0,8.05
456,3,1,29.0,0,0,7.8958
457,1,1,65.0,0,0,26.55
458,1,0,28.0,1,0,51.8625
459,2,0,50.0,0,0,10.5
460,3,1,28.0,0,0,7.75
461,1,1,48.0,0,0,26.55
462,3,1,34.0,0,0,8.05
463,1,1,47.0,0,0,38.5
464,2,1,48.0,0,0,13.0
465,3,1,28.0,0,0,8.05
466,3,1,38.0,0,0,7.05
467,2,1,28.0,0,0,0.0
468,1,1,56.0,0,0,26.55
469,3,1,28.0,0,0,7.725
470,3,0,0.75,2,1,19.2583
471,3,1,28.0,0,0,7.25
472,3,1,38.0,0,0,8.6625
473,2,0,33.0,1,2,27.75
474,2,0,23.0,0,0,13.7917
475,3,0,22.0,0,0,9.8375
476,1,1,28.0,0,0,52.0
477,2,1,34.0,1,0,21.0
478,3,1,29.0,1,0,7.0458
479,3,1,22.0,0,0,7.5208
480,3,0,2.0,0,1,12.2875
481,3,1,9.0,5,2,46.9
482,2,1,28.0,0,0,0.0
483,3,1,50.0,0,0,8.05
484,3,0,63.0,0,0,9.5875
485,1,1,25.0,1,0,91.0792
486,3,0,28.0,3,1,25.4667
487,1,0,35.0,1,0,90.0
488,1,1,58.0,0,0,29.7
489,3,1,30.0,0,0,8.05
490,3,1,9.0,1,1,15.9
491,3,1,28.0,1,0,19.9667
492,3,1,21.0,0,0,7.25
493,1,1,55.0,0,0,30.5
494,1,1,71.0,0,0,49.5042
495,3,1,21.0,0,0,8.05
496,3,1,28.0,0,0,14.4583
497,1,0,54.0,1,0,78.2667
498,3,1,28.0,0,0,15.1
499,1,0,25.0,1,2,151.55
500,3,1,24.0,0,0,7.7958
501,3,1,17.0,0,0,8.6625
502,3,0,21.0,0,0,7.75
503,3,0,28.0,0,0,7.6292
504,3,0,37.0,0,0,9.5875
505,1,0,16.0,0,0,86.5
506,1,1,18.0,1,0,108.9
507,2,0,33.0,0,2,26.0
508,1,1,28.0,0,0,26.55
509,3,1,28.0,0,0,22.525
510,3,1,26.0,0,0,56.4958
511,3,1,29.0,0,0,7.75
512,3,1,28.0,0,0,8.05
513,1,1,36.0,0,0,26.2875
514,1,0,54.0,1,0,59.4
515,3,1,24.0,0,0,7.4958
516,1,1,47.0,0,0,34.0208
517,2,0,34.0,0,0,10.5
518,3,1,28.0,0,0,24.15
519,2,0,36.0,1,0,26.0
520,3,1,32.0,0,0,7.8958
521,1,0,30.0,0,0,93.5
522,3,1,22.0,0,0,7.8958
523,3,1,28.0,0,0,7.225
524,1,0,44.0,0,1,57.9792
525,3,1,28.0,0,0,7.2292
526,3,1,40.5,0,0,7.75
527,2,0,50.0,0,0,10.5
528,1,1,28.0,0,0,221.7792
529,3,1,39.0,0,0,7.925
530,2,1,23.0,2,1,11.5
531,2,0,2.0,1,1,26.0
532,3,1,28.0,0,0,7.2292
533,3,1,17.0,1,1,7.2292
534,3,0,28.0,0,2,22.3583
535,3,0,30.0,0,0,8.6625
536,2,0,7.0,0,2,26.25
537,1,1,45.0,0,0,26.55
538,1,0,30.0,0,0,106.425
539,3,1,28.0,0,0,14.5
540,1,0,22.0,0,2,49.5
541,1,0,36.0,0,2,71.0
542,3,0,9.0,4,2,31.275
543,3,0,11.0,4,2,31.275
544,2,1,32.0,1,0,26.0
545,1,1,50.0,1,0,106.425
546,1,1,64.0,0,0,26.0
547,2,0,19.0,1,0,26.0
548,2,1,28.0,0,0,13.8625
549,3,1,33.0,1,1,20.525
550,2,1,8.0,1,1,36.75
551,1,1,17.0,0,2,110.8833
552,2,1,27.0,0,0,26.0
553,3,1,28.0,0,0,7.8292
554,3,1,22.0,0,0,7.225
555,3,0,22.0,0,0,7.775
556,1,1,62.0,0,0,26.55
557,1,0,48.0,1,0,39.6
558,1,1,28.0,0,0,227.525
559,1,0,39.0,1,1,79.65
560,3,0,36.0,1,0,17.4
561,3,1,28.0,0,0,7.75
562,3,1,40.0,0,0,7.8958
563,2,1,28.0,0,0,13.5
564,3,1,28.0,0,0,8.05
565,3,0,28.0,0,0,8.05
566,3,1,24.0,2,0,24.15
567,3,1,19.0,0,0,7.8958
568,3,0,29.0,0,4,21.075
569,3,1,28.0,0,0,7.2292
570,3,1,32.0,0,0,7.8542
571,2,1,62.0,0,0,10.5
572,1,0,53.0,2,0,51.4792
573,1,1,36.0,0,0,26.3875
574,3,0,28.0,0,0,7.75
575,3,1,16.0,0,0,8.05
576,3,1,19.0,0,0,14.5
577,2,0,34.0,0,0,13.0
578,1,0,39.0,1,0,55.9
579,3,0,28.0,1,0,14.4583
580,3,1,32.0,0,0,7.925
581,2,0,25.0,1,1,30.0
582,1,0,39.0,1,1,110.8833
583,2,1,54.0,0,0,26.0
584,1,1,36.0,0,0,40.125
585,3,1,28.0,0,0,8.7125
586,1,0,18.0,0,2,79.65
587,2,1,47.0,0,0,15.0
588,1,1,60.0,1,1,79.2
589,3,1,22.0,0,0,8.05
590,3,1,28.0,0,0,8.05
591,3,1,35.0,0,0,7.125
592,1,0,52.0,1,0,78.2667
593,3,1,47.0,0,0,7.25
594,3,0,28.0,0,2,7.75
595,2,1,37.0,1,0,26.0
596,3,1,36.0,1,1,24.15
597,2,0,28.0,0,0,33.0
598,3,1,49.0,0,0,0.0
599,3,1,28.0,0,0,7.225
600,1,1,49.0,1,0,56.9292
601,2,0,24.0,2,1,27.0
602,3,1,28.0,0,0,7.8958
603,1,1,28.0,0,0,42.4
604,3,1,44.0,0,0,8.05
605,1,1,35.0,0,0,26.55
606,3,1,36.0,1,0,15.55
607,3,1,30.0,0,0,7.8958
608,1,1,27.0,0,0,30.5
609,2,0,22.0,1,2,41.5792
610,1,0,40.0,0,0,153.4625
611,3,0,39.0,1,5,31.275
612,3,1,28.0,0,0,7.05
613,3,0,28.0,1,0,15.5
614,3,1,28.0,0,0,7.75
615,3,1,35.0,0,0,8.05
616,2,0,24.0,1,2,65.0
617,3,1,34.0,1,1,14.4
618,3,0,26.0,1,0,16.1
619,2,0,4.0,2,1,39.0
620,2,1,26.0,0,0,10.5
621,3,1,27.0,1,0,14.4542
622,1,1,42.0,1,0,52.5542
623,3,1,20.0,1,1,15.7417
624,3,1,21.0,0,0,7.8542
625,3,1,21.0,0,0,16.1
626,1,1,61.0,0,0,32.3208
627,2,1,57.0,0,0,12.35
628,1,0,21.0,0,0,77.9583
629,3,1,26.0,0,0,7.8958
630,3,1,28.0,0,0,7.7333
631,1,1,80.0,0,0,30.0
632,3,1,51.0,0,0,7.0542
633,1,1,32.0,0,0,30.5
634,1,1,28.0,0,0,0.0
635,3,0,9.0,3,2,27.9
636,2,0,28.0,0,0,13.0
637,3,1,32.0,0,0,7.925
638,2,1,31.0,1,1,26.25
639,3,0,41.0,0,5,39.6875
640,3,1,28.0,1,0,16.1
641,3,1,20.0,0,0,7.8542
642,1,0,24.0,0,0,69.3
643,3,0,2.0,3,2,27.9
644,3,1,28.0,0,0,56.4958
645,3,0,0.75,2,1,19.2583
646,1,1,48.0,1,0,76.7292
647,3,1,19.0,0,0,7.8958
648,1,1,56.0,0,0,35.5
649,3,1,28.0,0,0,7.55
650,3,0,23.0,0,0,7.55
651,3,1,28.0,0,0,7.8958
652,2,0,18.0,0,1,23.0
653,3,1,21.0,0,0,8.4333
654,3,0,28.0,0,0,7.8292
655,3,0,18.0,0,0,6.75
656,2,1,24.0,2,0,73.5
657,3,1,28.0,0,0,7.8958
658,3,0,32.0,1,1,15.5
659,2,1,23.0,0,0,13.0
660,1,1,58.0,0,2,113.275
661,1,1,50.0,2,0,133.65
662,3,1,40.0,0,0,7.225
663,1,1,47.0,0,0,25.5875
664,3,1,36.0,0,0,7.4958
665,3,1,20.0,1,0,7.925
666,2,1,32.0,2,0,73.5
667,2,1,25.0,0,0,13.0
668,3,1,28.0,0,0,7.775
669,3,1,43.0,0,0,8.05
670,1,0,28.0,1,0,52.0
671,2,0,40.0,1,1,39.0
672,1,1,31.0,1,0,52.0
673,2,1,70.0,0,0,10.5
674,2,1,31.0,0,0,13.0
675,2,1,28.0,0,0,0.0
676,3,1,18.0,0,0,7.775
677,3,1,24.5,0,0,8.05
678,3,0,18.0,0,0,9.8417
679,3,0,43.0,1,6,46.9
680,1,1,36.0,0,1,512.3292
681,3,0,28.0,0,0,8.1375
682,1,1,27.0,0,0,76.7292
683,3,1,20.0,0,0,9.225
684,3,1,14.0,5,2,46.9
685,2,1,60.0,1,1,39.0
686,2,1,25.0,1,2,41.5792
687,3,1,14.0,4,1,39.6875
688,3,1,19.0,0,0,10.1708
689,3,1,18.0,0,0,7.7958
690,1,0,15.0,0,1,211.3375
691,1,1,31.0,1,0,57.0
692,3,0,4.0,0,1,13.4167
693,3,1,28.0,0,0,56.4958
694,3,1,25.0,0,0,7.225
695,1,1,60.0,0,0,26.55
696,2,1,52.0,0,0,13.5
697,3,1,44.0,0,0,8.05
698,3,0,28.0,0,0,7.7333
699,1,1,49.0,1,1,110.8833
700,3,1,42.0,0,0,7.65
701,1,0,18.0,1,0,227.525
702,1,1,35.0,0,0,26.2875
703,3,0,18.0,0,1,14.4542
704,3,1,25.0,0,0,7.7417
705,3,1,26.0,1,0,7.8542
706,2,1,39.0,0,0,26.0
707,2,0,45.0,0,0,13.5
708,1,1,42.0,0,0,26.2875
709,1,0,22.0,0,0,151.55
710,3,1,28.0,1,1,15.2458
711,1,0,24.0,0,0,49.5042
712,1,1,28.0,0,0,26.55
713,1,1,48.0,1,0,52.0
714,3,1,29.0,0,0,9.4833
715,2,1,52.0,0,0,13.0
716,3,1,19.0,0,0,7.65
717,1,0,38.0,0,0,227.525
718,2,0,27.0,0,0,10.5
719,3,1,28.0,0,0,15.5
720,3,1,33.0,0,0,7.775
721,2,0,6.0,0,1,33.0
722,3,1,17.0,1,0,7.0542
723,2,1,34.0,0,0,13.0
724,2,1,50.0,0,0,13.0
725,1,1,27.0,1,0,53.1
726,3,1,20.0,0,0,8.6625
727,2,0,30.0,3,0,21.0
728,3,0,28.0,0,0,7.7375
729,2,1,25.0,1,0,26.0
730,3,0,25.0,1,0,7.925
731,1,0,29.0,0,0,211.3375
732,3,1,11.0,0,0,18.7875
733,2,1,28.0,0,0,0.0
734,2,1,23.0,0,0,13.0
735,2,1,23.0,0,0,13.0
736,3,1,28.5,0,0,16.1
737,3,0,48.0,1,3,34.375
738,1,1,35.0,0,0,512.3292
739,3,1,28.0,0,0,7.8958
740,3,1,28.0,0,0,7.8958
741,1,1,28.0,0,0,30.0
742,1,1,36.0,1,0,78.85
743,1,0,21.0,2,2,262.375
744,3,1,24.0,1,0,16.1
745,3,1,31.0,0,0,7.925
746,1,1,70.0,1,1,71.0
747,3,1,16.0,1,1,20.25
748,2,0,30.0,0,0,13.0
749,1,1,19.0,1,0,53.1
750,3,1,31.0,0,0,7.75
751,2,0,4.0,1,1,23.0
752,3,1,6.0,0,1,12.475
753,3,1,33.0,0,0,9.5
754,3,1,23.0,0,0,7.8958
755,2,0,48.0,1,2,65.0
756,2,1,0.67,1,1,14.5
757,3,1,28.0,0,0,7.7958
758,2,1,18.0,0,0,11.5
759,3,1,34.0,0,0,8.05
760,1,0,33.0,0,0,86.5
761,3,1,28.0,0,0,14.5
762,3,1,41.0,0,0,7.125
763,3,1,20.0,0,0,7.2292
764,1,0,36.0,1,2,120.0
765,3,1,16.0,0,0,7.775
766,1,0,51.0,1,0,77.9583
767,1,1,28.0,0,0,39.6
768,3,0,30.5,0,0,7.75
769,3,1,28.0,1,0,24.15
770,3,1,32.0,0,0,8.3625
771,3,1,24.0,0,0,9.5
772,3,1,48.0,0,0,7.8542
773,2,0,57.0,0,0,10.5
774,3,1,28.0,0,0,7.225
775,2,0,54.0,1,3,23.0
776,3,1,18.0,0,0,7.75
777,3,1,28.0,0,0,7.75
778,3,0,5.0,0,0,12.475
779,3,1,28.0,0,0,7.7375
780,1,0,43.0,0,1,211.3375
781,3,0,13.0,0,0,7.2292
782,1,0,17.0,1,0,57.0
783,1,1,29.0,0,0,30.0
784,3,1,28.0,1,2,23.45
785,3,1,25.0,0,0,7.05
786,3,1,25.0,0,0,7.25
787,3,0,18.0,0,0,7.4958
788,3,1,8.0,4,1,29.125
789,3,1,1.0,1,2,20.575
790,1,1,46.0,0,0,79.2
791,3,1,28.0,0,0,7.75
792,2,1,16.0,0,0,26.0
793,3,0,28.0,8,2,69.55
794,1,1,28.0,0,0,30.6958
795,3,1,25.0,0,0,7.8958
796,2,1,39.0,0,0,13.0
797,1,0,49.0,0,0,25.9292
798,3,0,31.0,0,0,8.6833
799,3,1,30.0,0,0,7.2292
800,3,0,30.0,1,1,24.15
801,2,1,34.0,0,0,13.0
802,2,0,31.0,1,1,26.25
803,1,1,11.0,1,2,120.0
804,3,1,0.42,0,1,8.5167
805,3,1,27.0,0,0,6.975
806,3,1,31.0,0,0,7.775
807,1,1,39.0,0,0,0.0
808,3,0,18.0,0,0,7.775
809,2,1,39.0,0,0,13.0
810,1,0,33.0,1,0,53.1
811,3,1,26.0,0,0,7.8875
812,3,1,39.0,0,0,24.15
813,2,1,35.0,0,0,10.5
814,3,0,6.0,4,2,31.275
815,3,1,30.5,0,0,8.05
816,1,1,28.0,0,0,0.0
817,3,0,23.0,0,0,7.925
818,2,1,31.0,1,1,37.0042
819,3,1,43.0,0,0,6.45
820,3,1,10.0,3,2,27.9
821,1,0,52.0,1,1,93.5
822,3,1,27.0,0,0,8.6625
823,1,1,38.0,0,0,0.0
824,3,0,27.0,0,1,12.475
825,3,1,2.0,4,1,39.6875
826,3,1,28.0,0,0,6.95
827,3,1,28.0,0,0,56.4958
828,2,1,1.0,0,2,37.0042
829,3,1,28.0,0,0,7.75
830,1,0,62.0,0,0,80.0
831,3,0,15.0,1,0,14.4542
832,2,1,0.83,1,1,18.75
833,3,1,28.0,0,0,7.2292
834,3,1,23.0,0,0,7.8542
835,3,1,18.0,0,0,8.3
836,1,0,39.0,1,1,83.1583
837,3,1,21.0,0,0,8.6625
838,3,1,28.0,0,0,8.05
839,3,1,32.0,0,0,56.4958
840,1,1,28.0,0,0,29.7
841,3,1,20.0,0,0,7.925
842,2,1,16.0,0,0,10.5
843,1,0,30.0,0,0,31.0
844,3,1,34.5,0,0,6.4375
845,3,1,17.0,0,0,8.6625
846,3,1,42.0,0,0,7.55
847,3,1,28.0,8,2,69.55
848,3,1,35.0,0,0,7.8958
849,2,1,28.0,0,1,33.0
850,1,0,28.0,1,0,89.1042
851,3,1,4.0,4,2,31.275
852,3,1,74.0,0,0,7.775
853,3,0,9.0,1,1,15.2458
854,1,0,16.0,0,1,39.4
855,2,0,44.0,1,0,26.0
856,3,0,18.0,0,1,9.35
857,1,0,45.0,1,1,164.8667
858,1,1,51.0,0,0,26.55
859,3,0,24.0,0,3,19.2583
860,3,1,28.0,0,0,7.2292
861,3,1,41.0,2,0,14.1083
862,2,1,21.0,1,0,11.5
863,1,0,48.0,0,0,25.9292
864,3,0,28.0,8,2,69.55
865,2,1,24.0,0,0,13.0
866,2,0,42.0,0,0,13.0
867,2,0,27.0,1,0,13.8583
868,1,1,31.0,0,0,50.4958
869,3,1,28.0,0,0,9.5
870,3,1,4.0,1,1,11.1333
871,3,1,26.0,0,0,7.8958
872,1,0,47.0,1,1,52.5542
873,1,1,33.0,0,0,5.0
874,3,1,47.0,0,0,9.0
875,2,0,28.0,1,0,24.0
876,3,0,15.0,0,0,7.225
877,3,1,20.0,0,0,9.8458
878,3,1,19.0,0,0,7.8958
879,3,1,28.0,0,0,7.8958
880,1,0,56.0,0,1,83.1583
881,2,0,25.0,0,1,26.0
882,3,1,33.0,0,0,7.8958
883,3,0,22.0,0,0,10.5167
884,2,1,28.0,0,0,10.5
885,3,1,25.0,0,0,7.05
886,3,0,39.0,0,5,29.125
887,2,1,27.0,0,0,13.0
888,1,0,19.0,0,0,30.0
889,3,0,28.0,1,2,23.45
890,1,1,26.0,0,0,30.0
891,3,1,32.0,0,0,7.75
892,3,1,34.5,0,0,7.8292
893,3,0,47.0,1,0,7.0
894,2,1,62.0,0,0,9.6875
895,3,1,27.0,0,0,8.6625
896,3,0,22.0,1,1,12.2875
897,3,1,14.0,0,0,9.225
898,3,0,30.0,0,0,7.6292
899,2,1,26.0,1,1,29.0
900,3,0,18.0,0,0,7.2292
901,3,1,21.0,2,0,24.15
902,3,1,27.0,0,0,7.8958
903,1,1,46.0,0,0,26.0
904,1,0,23.0,1,0,82.2667
905,2,1,63.0,1,0,26.0
906,1,0,47.0,1,0,61.175
907,2,0,24.0,1,0,27.7208
908,2,1,35.0,0,0,12.35
909,3,1,21.0,0,0,7.225
910,3,0,27.0,1,0,7.925
911,3,0,45.0,0,0,7.225
912,1,1,55.0,1,0,59.4
913,3,1,9.0,0,1,3.1708
914,1,0,27.0,0,0,31.6833
915,1,1,21.0,0,1,61.3792
916,1,0,48.0,1,3,262.375
917,3,1,50.0,1,0,14.5
918,1,0,22.0,0,1,61.9792
919,3,1,22.5,0,0,7.225
920,1,1,41.0,0,0,30.5
921,3,1,27.0,2,0,21.6792
922,2,1,50.0,1,0,26.0
923,2,1,24.0,2,0,31.5
924,3,0,33.0,1,2,20.575
925,3,0,27.0,1,2,23.45
926,1,1,30.0,1,0,57.75
927,3,1,18.5,0,0,7.2292
928,3,0,27.0,0,0,8.05
929,3,0,21.0,0,0,8.6625
930,3,1,25.0,0,0,9.5
931,3,1,27.0,0,0,56.4958
932,3,1,39.0,0,1,13.4167
933,1,1,27.0,0,0,26.55
934,3,1,41.0,0,0,7.85
935,2,0,30.0,0,0,13.0
936,1,0,45.0,1,0,52.5542
937,3,1,25.0,0,0,7.925
938,1,1,45.0,0,0,29.7
939,3,1,27.0,0,0,7.75
940,1,0,60.0,0,0,76.2917
941,3,0,36.0,0,2,15.9
942,1,1,24.0,1,0,60.0
943,2,1,27.0,0,0,15.0333
944,2,0,20.0,2,1,23.0
945,1,0,28.0,3,2,263.0
946,2,1,27.0,0,0,15.5792
947,3,1,10.0,4,1,29.125
948,3,1,35.0,0,0,7.8958
949,3,1,25.0,0,0,7.65
950,3,1,27.0,1,0,16.1
951,1,0,36.0,0,0,262.375
952,3,1,17.0,0,0,7.8958
953,2,1,32.0,0,0,13.5
954,3,1,18.0,0,0,7.75
955,3,0,22.0,0,0,7.725
956,1,1,13.0,2,2,262.375
957,2,0,27.0,0,0,21.0
958,3,0,18.0,0,0,7.8792
959,1,1,47.0,0,0,42.4
960,1,1,31.0,0,0,28.5375
961,1,0,60.0,1,4,263.0
962,3,0,24.0,0,0,7.75
963,3,1,21.0,0,0,7.8958
964,3,0,29.0,0,0,7.925
965,1,1,28.5,0,0,27.7208
966,1,0,35.0,0,0,211.5
967,1,1,32.5,0,0,211.5
968,3,1,27.0,0,0,8.05
969,1,0,55.0,2,0,25.7
970,2,1,30.0,0,0,13.0
971,3,0,24.0,0,0,7.75
972,3,1,6.0,1,1,15.2458
973,1,1,67.0,1,0,221.7792
974,1,1,49.0,0,0,26.0
975,3,1,27.0,0,0,7.8958
976,2,1,27.0,0,0,10.7083
977,3,1,27.0,1,0,14.4542
978,3,0,27.0,0,0,7.8792
979,3,0,18.0,0,0,8.05
980,3,0,27.0,0,0,7.75
981,2,1,2.0,1,1,23.0
982,3,0,22.0,1,0,13.9
983,3,1,27.0,0,0,7.775
984,1,0,27.0,1,2,52.0
985,3,1,27.0,0,0,8.05
986,1,1,25.0,0,0,26.0
987,3,1,25.0,0,0,7.7958
988,1,0,76.0,1,0,78.85
989,3,1,29.0,0,0,7.925
990,3,0,20.0,0,0,7.8542
991,3,1,33.0,0,0,8.05
992,1,0,43.0,1,0,55.4417
993,2,1,27.0,1,0,26.0
994,3,1,27.0,0,0,7.75
995,3,1,26.0,0,0,7.775
996,3,0,16.0,1,1,8.5167
997,3,1,28.0,0,0,22.525
998,3,1,21.0,0,0,7.8208
999,3,1,27.0,0,0,7.75
1000,3,1,27.0,0,0,8.7125
1001,2,1,18.5,0,0,13.0
1002,2,1,41.0,0,0,15.0458
1003,3,0,27.0,0,0,7.7792
1004,1,0,36.0,0,0,31.6792
1005,3,0,18.5,0,0,7.2833
1006,1,0,63.0,1,0,221.7792
1007,3,1,18.0,1,0,14.4542
1008,3,1,27.0,0,0,6.4375
1009,3,0,1.0,1,1,16.7
1010,1,1,36.0,0,0,75.2417
1011,2,0,29.0,1,0,26.0
1012,2,0,12.0,0,0,15.75
1013,3,1,27.0,1,0,7.75
1014,1,0,35.0,1,0,57.75
1015,3,1,28.0,0,0,7.25
1016,3,1,27.0,0,0,7.75
1017,3,0,17.0,0,1,16.1
1018,3,1,22.0,0,0,7.7958
1019,3,0,27.0,2,0,23.25
1020,2,1,42.0,0,0,13.0
1021,3,1,24.0,0,0,8.05
1022,3,1,32.0,0,0,8.05
1023,1,1,53.0,0,0,28.5
1024,3,0,27.0,0,4,25.4667
1025,3,1,27.0,1,0,6.4375
1026,3,1,43.0,0,0,7.8958
1027,3,1,24.0,0,0,7.8542
1028,3,1,26.5,0,0,7.225
1029,2,1,26.0,0,0,13.0
1030,3,0,23.0,0,0,8.05
1031,3,1,40.0,1,6,46.9
1032,3,0,10.0,5,2,46.9
1033,1,0,33.0,0,0,151.55
1034,1,1,61.0,1,3,262.375
1035,2,1,28.0,0,0,26.0
1036,1,1,42.0,0,0,26.55
1037,3,1,31.0,3,0,18.0
1038,1,1,27.0,0,0,51.8625
1039,3,1,22.0,0,0,8.05
1040,1,1,27.0,0,0,26.55
1041,2,1,30.0,1,1,26.0
1042,1,0,23.0,0,1,83.1583
1043,3,1,27.0,0,0,7.8958
1044,3,1,60.5,0,0,14.4542
1045,3,0,36.0,0,2,12.1833
1046,3,1,13.0,4,2,31.3875
1047,3,1,24.0,0,0,7.55
1048,1,0,29.0,0,0,221.7792
1049,3,0,23.0,0,0,7.8542
1050,1,1,42.0,0,0,26.55
1051,3,0,26.0,0,2,13.775
1052,3,0,27.0,0,0,7.7333
1053,3,1,7.0,1,1,15.2458
1054,2,0,26.0,0,0,13.5
1055,3,1,27.0,0,0,7.0
1056,2,1,41.0,0,0,13.0
1057,3,0,26.0,1,1,22.025
1058,1,1,48.0,0,0,50.4958
1059,3,1,18.0,2,2,34.375
1060,1,0,27.0,0,0,27.7208
1061,3,0,22.0,0,0,8.9625
1062,3,1,27.0,0,0,7.55
1063,3,1,27.0,0,0,7.225
1064,3,1,23.0,1,0,13.9
1065,3,1,27.0,0,0,7.2292
1066,3,1,40.0,1,5,31.3875
1067,2,0,15.0,0,2,39.0
1068,2,0,20.0,0,0,36.75
1069,1,1,54.0,1,0,55.4417
1070,2,0,36.0,0,3,39.0
1071,1,0,64.0,0,2,83.1583
1072,2,1,30.0,0,0,13.0
1073,1,1,37.0,1,1,83.1583
1074,1,0,18.0,1,0,53.1
1075,3,1,27.0,0,0,7.75
1076,1,0,27.0,1,1,247.5208
1077,2,1,40.0,0,0,16.0
1078,2,0,21.0,0,1,21.0
1079,3,1,17.0,2,0,8.05
1080,3,0,27.0,8,2,69.55
1081,2,1,40.0,0,0,13.0
1082,2,1,34.0,1,0,26.0
1083,1,1,27.0,0,0,26.0
1084,3,1,11.5,1,1,14.5
1085,2,1,61.0,0,0,12.35
1086,2,1,8.0,0,2,32.5
1087,3,1,33.0,0,0,7.8542
1088,1,1,6.0,0,2,134.5
1089,3,0,18.0,0,0,7.775
1090,2,1,23.0,0,0,10.5
1091,3,0,27.0,0,0,8.1125
1092,3,0,27.0,0,0,15.5
1093,3,1,0.33,0,2,14.4
1094,1,1,47.0,1,0,227.525
1095,2,0,8.0,1,1,26.0
1096,2,1,25.0,0,0,10.5
1097,1,1,27.0,0,0,25.7417
1098,3,0,35.0,0,0,7.75
1099,2,1,24.0,0,0,10.5
1100,1,0,33.0,0,0,27.7208
1101,3,1,25.0,0,0,7.8958
1102,3,1,32.0,0,0,22.525
1103,3,1,27.0,0,0,7.05
1104,2,1,17.0,0,0,73.5
1105,2,0,60.0,1,0,26.0
1106,3,0,38.0,4,2,7.775
1107,1,1,42.0,0,0,42.5
1108,3,0,27.0,0,0,7.8792
1109,1,1,57.0,1,1,164.8667
1110,1,0,50.0,1,1,211.5
1111,3,1,27.0,0,0,8.05
1112,2,0,30.0,1,0,13.8583
1113,3,1,21.0,0,0,8.05
1114,2,0,22.0,0,0,10.5
1115,3,1,21.0,0,0,7.7958
1116,1,0,53.0,0,0,27.4458
1117,3,0,27.0,0,2,15.2458
1118,3,1,23.0,0,0,7.7958
1119,3,0,27.0,0,0,7.75
1120,3,1,40.5,0,0,15.1
1121,2,1,36.0,0,0,13.0
1122,2,1,14.0,0,0,65.0
1123,1,0,21.0,0,0,26.55
1124,3,1,21.0,1,0,6.4958
1125,3,1,27.0,0,0,7.8792
1126,1,1,39.0,1,0,71.2833
1127,3,1,20.0,0,0,7.8542
1128,1,1,64.0,1,0,75.25
1129,3,1,20.0,0,0,7.225
1130,2,0,18.0,1,1,13.0
1131,1,0,48.0,1,0,106.425
1132,1,0,55.0,0,0,27.7208
1133,2,0,45.0,0,2,30.0
1134,1,1,45.0,1,1,134.5
1135,3,1,27.0,0,0,7.8875
1136,3,1,27.0,1,2,23.45
1137,1,1,41.0,1,0,51.8625
1138,2,0,22.0,0,0,21.0
1139,2,1,42.0,1,1,32.5
1140,2,0,29.0,1,0,26.0
1141,3,0,27.0,1,0,14.4542
1142,2,0,0.92,1,2,27.75
1143,3,1,20.0,0,0,7.925
1144,1,1,27.0,1,0,136.7792
1145,3,1,24.0,0,0,9.325
1146,3,1,32.5,0,0,9.5
1147,3,1,27.0,0,0,7.55
1148,3,1,27.0,0,0,7.75
1149,3,1,28.0,0,0,8.05
1150,2,0,19.0,0,0,13.0
1151,3,1,21.0,0,0,7.775
1152,3,1,36.5,1,0,17.4
1153,3,1,21.0,0,0,7.8542
1154,2,0,29.0,0,2,23.0
1155,3,0,1.0,1,1,12.1833
1156,2,1,30.0,0,0,12.7375
1157,3,1,27.0,0,0,7.8958
1158,1,1,27.0,0,0,0.0
1159,3,1,27.0,0,0,7.55
1160,3,0,27.0,0,0,8.05
1161,3,1,17.0,0,0,8.6625
1162,1,1,46.0,0,0,75.2417
1163,3,1,27.0,0,0,7.75
1164,1,0,26.0,1,0,136.7792
1165,3,0,27.0,1,0,15.5
1166,3,1,27.0,0,0,7.225
1167,2,0,20.0,1,0,26.0
1168,2,1,28.0,0,0,10.5
1169,2,1,40.0,1,0,26.0
1170,2,1,30.0,1,0,21.0
1171,2,1,22.0,0,0,10.5
1172,3,0,23.0,0,0,8.6625
1173,3,1,0.75,1,1,13.775
1174,3,0,27.0,0,0,7.75
1175,3,0,9.0,1,1,15.2458
1176,3,0,2.0,1,1,20.2125
1177,3,1,36.0,0,0,7.25
1178,3,1,27.0,0,0,7.25
1179,1,1,24.0,1,0,82.2667
1180,3,1,27.0,0,0,7.2292
1181,3,1,27.0,0,0,8.05
1182,1,1,27.0,0,0,39.6
1183,3,0,30.0,0,0,6.95
1184,3,1,27.0,0,0,7.2292
1185,1,1,53.0,1,1,81.8583
1186,3,1,36.0,0,0,9.5
1187,3,1,26.0,0,0,7.8958
1188,2,0,1.0,1,2,41.5792
1189,3,1,27.0,2,0,21.6792
1190,1,1,30.0,0,0,45.5
1191,3,1,29.0,0,0,7.8542
1192,3,1,32.0,0,0,7.775
1193,2,1,27.0,0,0,15.0458
1194,2,1,43.0,0,1,21.0
1195,3,1,24.0,0,0,8.6625
1196,3,0,27.0,0,0,7.75
1197,1,0,64.0,1,1,26.55
1198,1,1,30.0,1,2,151.55
1199,3,1,0.83,0,1,9.35
1200,1,1,55.0,1,1,93.5
1201,3,0,45.0,1,0,14.1083
1202,3,1,18.0,0,0,8.6625
1203,3,1,22.0,0,0,7.225
1204,3,1,27.0,0,0,7.575
1205,3,0,37.0,0,0,7.75
1206,1,0,55.0,0,0,135.6333
1207,3,0,17.0,0,0,7.7333
1208,1,1,57.0,1,0,146.5208
1209,2,1,19.0,0,0,10.5
1210,3,1,27.0,0,0,7.8542
1211,2,1,22.0,2,0,31.5
1212,3,1,26.0,0,0,7.775
1213,3,1,25.0,0,0,7.2292
1214,2,1,26.0,0,0,13.0
1215,1,1,33.0,0,0,26.55
1216,1,0,39.0,0,0,211.3375
1217,3,1,23.0,0,0,7.05
1218,2,0,12.0,2,1,39.0
1219,1,1,46.0,0,0,79.2
1220,2,1,29.0,1,0,26.0
1221,2,1,21.0,0,0,13.0
1222,2,0,48.0,0,2,36.75
1223,1,1,39.0,0,0,29.7
1224,3,1,27.0,0,0,7.225
1225,3,0,19.0,1,1,15.7417
1226,3,1,27.0,0,0,7.8958
1227,1,1,30.0,0,0,26.0
1228,2,1,32.0,0,0,13.0
1229,3,1,39.0,0,2,7.2292
1230,2,1,25.0,0,0,31.5
1231,3,1,27.0,0,0,7.2292
1232,2,1,18.0,0,0,10.5
1233,3,1,32.0,0,0,7.5792
1234,3,1,27.0,1,9,69.55
1235,1,0,58.0,0,1,512.3292
1236,3,1,27.0,1,1,14.5
1237,3,0,16.0,0,0,7.65
1238,2,1,26.0,0,0,13.0
1239,3,0,38.0,0,0,7.2292
1240,2,1,24.0,0,0,13.5
1241,2,0,31.0,0,0,21.0
1242,1,0,45.0,0,1,63.3583
1243,2,1,25.0,0,0,10.5
1244,2,1,18.0,0,0,73.5
1245,2,1,49.0,1,2,65.0
1246,3,0,0.17,1,2,20.575
1247,1,1,50.0,0,0,26.0
1248,1,0,59.0,2,0,51.4792
1249,3,1,27.0,0,0,7.8792
1250,3,1,27.0,0,0,7.75
1251,3,0,30.0,1,0,15.55
1252,3,1,14.5,8,2,69.55
1253,2,0,24.0,1,1,37.0042
1254,2,0,31.0,0,0,21.0
1255,3,1,27.0,0,0,8.6625
1256,1,0,25.0,1,0,55.4417
1257,3,0,27.0,1,9,69.55
1258,3,1,27.0,1,0,14.4583
1259,3,0,22.0,0,0,39.6875
1260,1,0,45.0,0,1,59.4
1261,2,1,29.0,0,0,13.8583
1262,2,1,21.0,1,0,11.5
1263,1,0,31.0,0,0,134.5
1264,1,1,49.0,0,0,0.0
1265,2,1,44.0,0,0,13.0
1266,1,0,54.0,1,1,81.8583
1267,1,0,45.0,0,0,262.375
1268,3,0,22.0,2,0,8.6625
1269,2,1,21.0,0,0,11.5
1270,1,1,55.0,0,0,50.0
1271,3,1,5.0,4,2,31.3875
1272,3,1,27.0,0,0,7.75
1273,3,1,26.0,0,0,7.8792
1274,3,0,27.0,0,0,14.5
1275,3,0,19.0,1,0,16.1
1276,2,1,27.0,0,0,12.875
1277,2,0,24.0,1,2,65.0
1278,3,1,24.0,0,0,7.775
1279,2,1,57.0,0,0,13.0
1280,3,1,21.0,0,0,7.75
1281,3,1,6.0,3,1,21.075
1282,1,1,23.0,0,0,93.5
1283,1,0,51.0,0,1,39.4
1284,3,1,13.0,0,2,20.25
1285,2,1,47.0,0,0,10.5
1286,3,1,29.0,3,1,22.025
1287,1,0,18.0,1,0,60.0
1288,3,1,24.0,0,0,7.25
1289,1,0,48.0,1,1,79.2
1290,3,1,22.0,0,0,7.775
1291,3,1,31.0,0,0,7.7333
1292,1,0,30.0,0,0,164.8667
1293,2,1,38.0,1,0,21.0
1294,1,0,22.0,0,1,59.4
1295,1,1,17.0,0,0,47.1
1296,1,1,43.0,1,0,27.7208
1297,2,1,20.0,0,0,13.8625
1298,2,1,23.0,1,0,10.5
1299,1,1,50.0,1,1,211.5
1300,3,0,27.0,0,0,7.7208
1301,3,0,3.0,1,1,13.775
1302,3,0,27.0,0,0,7.75
1303,1,0,37.0,1,0,90.0
1304,3,0,28.0,0,0,7.775
1305,3,1,27.0,0,0,8.05
1306,1,0,39.0,0,0,108.9
1307,3,1,38.5,0,0,7.25
1308,3,1,27.0,0,0,8.05
1309,3,1,27.0,1,1,22.3583
